q0,Ar,x/d0,y/d0,,
22.92616151,0.33,0,0,,
22.92616151,0.33,0.021551724,0.475862069,,
22.92616151,0.33,0.043103448,0.907758621,,
22.92616151,0.33,0.172413793,1.448275862,,
22.92616151,0.33,0.259482759,1.902586207,,
22.92616151,0.33,0.388793103,2.378448276,,
22.92616151,0.33,0.518965517,2.897413793,,
22.92616151,0.33,0.648275862,3.41637931,,
22.92616151,0.33,0.778448276,3.806034483,,
22.92616151,0.33,0.907758621,4.368103448,,
22.92616151,0.33,1.037931034,4.843965517,,
22.92616151,0.33,1.167241379,5.319827586,,
22.92616151,0.33,1.362068966,5.849137931,,
22.92616151,0.33,1.492241379,6.368965517,,
22.92616151,0.33,1.664655172,6.83362069,,
22.92616151,0.33,1.881034483,7.244827586,,
22.92616151,0.33,2.075862069,7.698275862,,
22.92616151,0.33,2.270689655,8.109482759,,
22.92616151,0.33,2.465517241,8.509482759,,
22.92616151,0.33,2.659482759,8.86637931,,
22.92616151,0.33,2.811206897,9.234482759,,
22.92616151,0.33,3.027586207,9.580172414,,
22.92616151,0.33,3.275862069,9.937068966,,
22.92616151,0.33,3.470689655,10.2612069,,
22.92616151,0.33,3.697413793,10.61810345,,
22.92616151,0.33,3.913793103,10.89913793,,
22.92616151,0.33,4.173275862,11.24568966,,
22.92616151,0.33,4.368103448,11.59137931,,
22.92616151,0.33,4.670689655,11.87241379,,
22.92616151,0.33,4.887068966,12.19655172,,
22.92616151,0.33,5.103448276,12.47758621,,
22.92616151,0.33,5.34137931,12.78103448,,
22.92616151,0.33,5.557758621,13.06206897,,
22.92616151,0.33,5.817241379,13.34310345,,
22.92616151,0.33,6.119827586,13.6887931,,
22.92616151,0.33,6.379310345,13.99224138,,
22.92616151,0.33,6.681896552,14.31637931,,
22.92616151,0.33,6.985344828,14.64051724,,
22.92616151,0.33,7.352586207,14.9862069,,
22.92616151,0.33,7.698275862,15.26810345,,
22.92616151,0.33,8.023275862,15.57068966,,
22.92616151,0.33,8.347413793,15.87327586,,
22.92616151,0.33,8.628448276,16.13275862,,
22.92616151,0.33,8.975,16.45689655,,
22.92616151,0.33,9.342241379,16.74913793,,
22.92616151,0.33,9.731896552,17.04137931,,
22.92616151,0.33,9.99137931,17.30086207,,
22.92616151,0.33,10.38017241,17.56034483,,
22.92616151,0.33,10.76982759,17.86293103,,
22.92616151,0.33,11.11551724,18.10086207,,
22.92616151,0.33,11.4612069,18.40344828,,
22.92616151,0.33,11.85086207,18.70603448,,
22.92616151,0.33,12.28362069,18.96551724,,
22.92616151,0.33,12.62931034,19.31206897,,
22.92616151,0.33,13.01896552,19.55,,
22.92616151,0.33,13.40775862,19.85258621,,
22.92616151,0.33,13.75431034,20.19827586,,
22.92616151,0.33,14.1,20.4362069,,
22.92616151,0.33,14.48965517,20.7612069,,
22.92616151,0.33,14.92155172,21.19310345,,
22.92616151,0.33,15.41896552,21.47413793,,
22.92616151,0.33,15.93793103,21.90689655,,
22.92616151,0.33,16.43534483,22.25344828,,
22.92616151,0.33,16.825,22.64224138,,
22.92616151,0.33,17.25775862,22.90172414,,
22.92616151,0.33,17.66810345,23.22586207,,
22.92616151,0.33,18.05775862,23.55086207,,
22.92616151,0.33,18.59827586,23.89655172,,
22.92616151,0.33,19.1387931,24.2862069,,
22.92616151,0.33,19.59310345,24.675,,
22.92616151,0.33,20.06896552,24.97758621,,
22.92616151,0.33,20.50172414,25.23706897,,
22.92616151,0.33,20.91206897,25.49655172,,
22.92616151,0.33,21.53965517,25.90775862,,
22.92616151,0.33,22.05862069,26.29741379,,
22.92616151,0.33,22.62068966,26.66465517,,
22.92616151,0.33,23.13965517,26.96724138,,
22.92616151,0.33,23.74568966,27.35689655,,
22.92616151,0.33,24.22068966,27.61637931,,
22.92616151,0.33,24.71810345,27.91896552,,
22.92616151,0.33,25.30258621,28.33017241,,
22.92616151,0.33,25.82155172,28.58965517,,
22.92616151,0.33,26.40517241,28.97844828,,
22.92616151,0.33,26.98965517,29.20603448,,
22.92616151,0.33,27.47586207,29.46551724,,
22.92616151,0.33,28.02758621,29.75775862,,
22.92616151,0.33,28.64396552,30.14655172,,
22.92616151,0.33,29.35689655,30.50344828,,
22.92616151,0.33,29.97327586,30.86034483,,
22.92616151,0.33,30.47068966,31.16293103,,
22.92616151,0.33,31.11982759,31.55258621,,
22.92616151,0.33,31.82241379,31.96293103,,
22.92616151,0.33,32.4387931,32.31982759,,
22.92616151,0.33,33.05517241,32.64482759,,
22.92616151,0.33,33.80172414,33.03362069,,
22.92616151,0.33,34.38534483,33.32586207,,
22.92616151,0.33,35.00172414,33.65,,
22.92616151,0.33,35.58534483,33.94224138,,
22.92616151,0.33,36.16982759,34.26637931,,
22.92616151,0.33,36.7862069,34.55862069,,
22.92616151,0.33,37.47758621,34.94741379,,
22.92616151,0.33,38.12672414,35.22844828,,
22.92616151,0.33,38.71034483,35.55344828,,
22.92616151,0.33,39.31637931,35.74741379,,
22.92616151,0.33,40.03017241,36.01810345,,
22.92616151,0.33,40.74310345,36.375,,
22.92616151,0.33,41.32758621,36.67758621,,
22.92616151,0.33,42.01982759,36.93706897,,
22.92616151,0.33,42.625,37.19655172,,
22.92616151,0.33,43.14396552,37.47758621,,
22.92616151,0.33,43.8362069,37.91034483,,
22.92616151,0.33,44.44137931,38.16982759,,
22.92616151,0.33,45.21982759,38.51637931,,
22.92616151,0.33,45.82586207,38.94827586,,
22.92616151,0.33,46.77758621,39.29482759,,
7.630749024,0.33,0,0,,
7.630749024,0.33,0.042241379,0.223275862,,
7.630749024,0.33,0.106034483,0.467241379,,
7.630749024,0.33,0.181034483,0.65862069,,
7.630749024,0.33,0.243965517,0.838793103,,
7.630749024,0.33,0.339655172,1.018965517,,
7.630749024,0.33,0.445689655,1.220689655,,
7.630749024,0.33,0.525862069,1.385344828,,
7.630749024,0.33,0.589655172,1.560344828,,
7.630749024,0.33,0.679310345,1.730172414,,
7.630749024,0.33,0.775,1.9,,
7.630749024,0.33,0.881034483,2.069827586,,
7.630749024,0.33,0.976724138,2.250862069,,
7.630749024,0.33,1.082758621,2.420689655,,
7.630749024,0.33,1.178448276,2.600862069,,
7.630749024,0.33,1.306034483,2.770689655,,
7.630749024,0.33,1.43362069,2.940517241,,
7.630749024,0.33,1.561206897,3.121551724,,
7.630749024,0.33,1.677586207,3.280172414,,
7.630749024,0.33,1.78362069,3.407758621,,
7.630749024,0.33,1.887068966,3.535344828,,
7.630749024,0.33,2.022413793,3.670689655,,
7.630749024,0.33,2.165517241,3.789655172,,
7.630749024,0.33,2.309482759,3.94137931,,
7.630749024,0.33,2.460344828,4.061206897,,
7.630749024,0.33,2.587931034,4.187931034,,
7.630749024,0.33,2.707758621,4.275862069,,
7.630749024,0.33,2.834482759,4.387068966,,
7.630749024,0.33,2.962068966,4.475,,
7.630749024,0.33,3.105172414,4.586206897,,
7.630749024,0.33,3.237931034,4.681896552,,
7.630749024,0.33,3.365517241,4.777586207,,
7.630749024,0.33,3.493103448,4.873275862,,
7.630749024,0.33,3.609482759,4.979310345,,
7.630749024,0.33,3.768965517,5.085344828,,
7.630749024,0.33,3.917241379,5.212931034,,
7.630749024,0.33,4.068965517,5.311206897,,
7.630749024,0.33,4.228448276,5.406034483,,
7.630749024,0.33,4.363793103,5.478448276,,
7.630749024,0.33,4.490517241,5.557758621,,
7.630749024,0.33,4.618103448,5.637068966,,
7.630749024,0.33,4.745689655,5.700862069,,
7.630749024,0.33,4.888793103,5.781034483,,
7.630749024,0.33,5.01637931,5.860344828,,
7.630749024,0.33,5.159482759,5.944827586,,
7.630749024,0.33,5.329310345,6.030172414,,
7.630749024,0.33,5.499137931,6.125862069,,
7.630749024,0.33,5.690517241,6.221551724,,
7.630749024,0.33,5.881896552,6.327586207,,
7.630749024,0.33,6.093965517,6.412068966,,
7.630749024,0.33,6.306034483,6.487068966,,
7.630749024,0.33,6.487068966,6.581896552,,
7.630749024,0.33,6.709482759,6.656896552,,
7.630749024,0.33,6.890517241,6.74137931,,
7.630749024,0.33,7.124137931,6.815517241,,
7.630749024,0.33,7.368103448,6.921551724,,
7.630749024,0.33,7.643965517,7.017241379,,
7.630749024,0.33,7.856034483,7.112931034,,
7.630749024,0.33,8.089655172,7.187068966,,
7.630749024,0.33,8.312931034,7.272413793,,
7.630749024,0.33,8.525,7.336206897,,
7.630749024,0.33,8.748275862,7.431896552,,
7.630749024,0.33,8.970689655,7.494827586,,
7.630749024,0.33,9.215517241,7.55862069,,
7.630749024,0.33,9.427586207,7.612068966,,
7.630749024,0.33,9.639655172,7.665517241,,
7.630749024,0.33,9.852586207,7.728448276,,
7.630749024,0.33,10.06465517,7.803448276,,
7.630749024,0.33,10.30344828,7.867241379,,
7.630749024,0.33,10.52672414,7.914655172,,
7.630749024,0.33,10.79741379,8.010344828,,
7.630749024,0.33,11.11551724,8.137931034,,
7.630749024,0.33,11.46637931,8.217241379,,
7.630749024,0.33,11.78448276,8.296551724,,
7.630749024,0.33,12.10258621,8.360344828,,
7.630749024,0.33,12.45344828,8.487931034,,
7.630749024,0.33,12.75603448,8.551724138,,
7.630749024,0.33,13.10603448,8.679310345,,
7.630749024,0.33,13.47241379,8.75862069,,
7.630749024,0.33,13.82327586,8.901724138,,
7.630749024,0.33,14.17327586,8.997413793,,
7.630749024,0.33,14.55517241,9.061206897,,
7.630749024,0.33,14.87413793,9.140517241,,
7.630749024,0.33,15.19224138,9.220689655,,
7.630749024,0.33,15.5112069,9.331896552,,
7.630749024,0.33,15.8612069,9.411206897,,
7.630749024,0.33,16.17931034,9.49137931,,
7.630749024,0.33,16.48189655,9.587068966,,
7.630749024,0.33,16.84827586,9.681896552,,
7.630749024,0.33,17.19913793,9.762068966,,
7.630749024,0.33,17.59741379,9.825862069,,
7.630749024,0.33,18.02672414,9.905172414,,
7.630749024,0.33,18.45172414,9.947413793,,
7.630749024,0.33,18.83362069,10.03275862,,
7.630749024,0.33,19.30086207,10.11724138,,
7.630749024,0.33,19.74655172,10.19224138,,
7.630749024,0.33,20.1612069,10.25517241,,
7.630749024,0.33,20.575,10.31896552,,
7.630749024,0.33,20.9887931,10.35086207,,
7.630749024,0.33,21.33965517,10.44655172,,
7.630749024,0.33,21.72155172,10.51034483,,
7.630749024,0.33,22.13534483,10.60603448,,
7.630749024,0.33,22.55,10.66982759,,
7.630749024,0.33,22.93189655,10.73362069,,
7.630749024,0.33,23.28189655,10.82844828,,
7.630749024,0.33,23.66465517,10.92413793,,
7.630749024,0.33,24.05689655,11.00948276,,
7.630749024,0.33,24.48189655,11.05172414,,
7.630749024,0.33,24.8,11.11551724,,
7.630749024,0.33,25.18275862,11.15775862,,
7.630749024,0.33,25.56465517,11.24310345,,
7.630749024,0.33,25.95775862,11.3387931,,
7.630749024,0.33,26.33965517,11.37068966,,
7.630749024,0.33,26.72155172,11.43362069,,
7.630749024,0.33,27.1362069,11.49741379,,
7.630749024,0.33,27.58189655,11.5612069,,
7.630749024,0.33,27.9637931,11.6887931,,
7.630749024,0.33,28.44137931,11.78448276,,
7.630749024,0.33,28.85603448,11.81637931,,
7.630749024,0.33,29.33362069,11.94396552,,
7.630749024,0.33,29.8112069,12.00689655,,
7.630749024,0.33,30.35258621,12.10258621,,
7.630749024,0.33,30.89396552,12.17672414,,
7.630749024,0.33,31.49913793,12.23017241,,
7.630749024,0.33,32.04051724,12.26206897,,
7.630749024,0.33,32.55,12.29396552,,
7.630749024,0.33,33.15517241,12.35775862,,
7.630749024,0.33,33.63362069,12.38965517,,
7.630749024,0.33,34.14310345,12.42155172,,
7.630749024,0.33,34.71637931,12.45344828,,
3.767995866,0.33,0,0,,
3.767995866,0.33,0.003448276,0.11637931,,
3.767995866,0.33,0.027586207,0.23362069,,
3.767995866,0.33,0.05862069,0.332758621,,
3.767995866,0.33,0.081896552,0.419827586,,
3.767995866,0.33,0.111206897,0.513793103,,
3.767995866,0.33,0.140517241,0.612931034,,
3.767995866,0.33,0.181034483,0.694827586,,
3.767995866,0.33,0.210344828,0.781896552,,
3.767995866,0.33,0.256896552,0.881896552,,
3.767995866,0.33,0.286206897,0.968965517,,
3.767995866,0.33,0.321551724,1.050862069,,
3.767995866,0.33,0.356034483,1.143965517,,
3.767995866,0.33,0.39137931,1.225862069,,
3.767995866,0.33,0.420689655,1.313793103,,
3.767995866,0.33,0.45,1.395689655,,
3.767995866,0.33,0.484482759,1.476724138,,
3.767995866,0.33,0.525862069,1.570689655,,
3.767995866,0.33,0.560344828,1.657758621,,
3.767995866,0.33,0.601724138,1.73362069,,
3.767995866,0.33,0.636206897,1.810344828,,
3.767995866,0.33,0.671551724,1.897413793,,
3.767995866,0.33,0.706896552,1.985344828,,
3.767995866,0.33,0.747413793,2.072413793,,
3.767995866,0.33,0.787931034,2.154310345,,
3.767995866,0.33,0.829310345,2.253448276,,
3.767995866,0.33,0.881896552,2.347413793,,
3.767995866,0.33,0.928448276,2.434482759,,
3.767995866,0.33,0.975,2.528448276,,
3.767995866,0.33,1.027586207,2.627586207,,
3.767995866,0.33,1.062931034,2.720689655,,
3.767995866,0.33,1.120689655,2.825862069,,
3.767995866,0.33,1.173275862,2.895689655,,
3.767995866,0.33,1.214655172,2.995689655,,
3.767995866,0.33,1.273275862,3.082758621,,
3.767995866,0.33,1.325862069,3.152586207,,
3.767995866,0.33,1.389655172,3.252586207,,
3.767995866,0.33,1.459482759,3.339655172,,
3.767995866,0.33,1.512068966,3.415517241,,
3.767995866,0.33,1.576724138,3.503448276,,
3.767995866,0.33,1.640517241,3.573275862,,
3.767995866,0.33,1.722413793,3.637931034,,
3.767995866,0.33,1.792241379,3.725,,
3.767995866,0.33,1.868103448,3.78362069,,
3.767995866,0.33,1.938793103,3.853448276,,
3.767995866,0.33,2.00862069,3.923275862,,
3.767995866,0.33,2.090517241,3.975862069,,
3.767995866,0.33,2.177586207,4.040517241,,
3.767995866,0.33,2.300862069,4.110344828,,
3.767995866,0.33,2.387931034,4.175,,
3.767995866,0.33,2.469827586,4.227586207,,
3.767995866,0.33,2.545689655,4.268103448,,
3.767995866,0.33,2.627586207,4.314655172,,
3.767995866,0.33,2.715517241,4.367241379,,
3.767995866,0.33,2.814655172,4.425862069,,
3.767995866,0.33,2.896551724,4.478448276,,
3.767995866,0.33,2.98362069,4.537068966,,
3.767995866,0.33,3.082758621,4.577586207,,
3.767995866,0.33,3.2,4.636206897,,
3.767995866,0.33,3.299137931,4.688793103,,
3.767995866,0.33,3.398275862,4.735344828,,
3.767995866,0.33,3.503448276,4.781896552,,
3.767995866,0.33,3.596551724,4.828448276,,
3.767995866,0.33,3.695689655,4.869827586,,
3.767995866,0.33,3.795689655,4.91637931,,
3.767995866,0.33,3.906034483,4.956896552,,
3.767995866,0.33,4.011206897,4.998275862,,
3.767995866,0.33,4.110344828,5.044827586,,
3.767995866,0.33,4.215517241,5.09137931,,
3.767995866,0.33,4.332758621,5.132758621,,
3.767995866,0.33,4.455172414,5.179310345,,
3.767995866,0.33,4.571551724,5.219827586,,
3.767995866,0.33,4.700862069,5.272413793,,
3.767995866,0.33,4.817241379,5.318965517,,
3.767995866,0.33,4.93362069,5.360344828,,
3.767995866,0.33,5.050862069,5.400862069,,
3.767995866,0.33,5.173275862,5.442241379,,
3.767995866,0.33,5.284482759,5.476724138,,
3.767995866,0.33,5.389655172,5.506034483,,
3.767995866,0.33,5.506034483,5.535344828,,
3.767995866,0.33,5.611206897,5.575862069,,
3.767995866,0.33,5.722413793,5.611206897,,
3.767995866,0.33,5.844827586,5.640517241,,
3.767995866,0.33,5.985344828,5.681034483,,
3.767995866,0.33,6.101724138,5.710344828,,
3.767995866,0.33,6.212931034,5.745689655,,
3.767995866,0.33,6.335344828,5.775,,
3.767995866,0.33,6.481034483,5.8,,
3.767995866,0.33,6.629310345,5.831034483,,
3.767995866,0.33,6.769827586,5.854310345,,
3.767995866,0.33,6.925,5.885344828,,
3.767995866,0.33,7.081034483,5.91637931,,
3.767995866,0.33,7.243965517,5.948275862,,
3.767995866,0.33,7.423275862,5.987068966,,
3.767995866,0.33,7.613793103,6.013793103,,
3.767995866,0.33,7.789655172,6.061206897,,
3.767995866,0.33,8.023275862,6.095689655,,
3.767995866,0.33,8.240517241,6.157758621,,
3.767995866,0.33,8.412068966,6.165517241,,
3.767995866,0.33,8.676724138,6.224137931,,
3.767995866,0.33,8.910344828,6.259482759,,
3.767995866,0.33,9.112931034,6.290517241,,
3.767995866,0.33,9.377586207,6.329310345,,
3.767995866,0.33,9.587931034,6.375862069,,
3.767995866,0.33,9.829310345,6.38362069,,
3.767995866,0.33,10.04741379,6.414655172,,
3.767995866,0.33,10.28103448,6.430172414,,
3.767995866,0.33,10.51034483,6.446551724,,
3.767995866,0.33,10.74741379,6.477586207,,
3.767995866,0.33,10.95775862,6.51637931,,
3.767995866,0.33,11.19913793,6.555172414,,
3.767995866,0.33,11.44051724,6.578448276,,
3.767995866,0.33,11.68965517,6.593965517,,
3.767995866,0.33,12.00862069,6.632758621,,
3.767995866,0.33,12.28965517,6.656034483,,
3.767995866,0.33,12.56982759,6.687931034,,
3.767995866,0.33,12.83448276,6.703448276,,
3.767995866,0.33,13.07586207,6.734482759,,
3.767995866,0.33,13.39482759,6.734482759,,
3.767995866,0.33,13.675,6.75,,
3.767995866,0.33,13.89310345,6.773275862,,
3.767995866,0.33,14.16551724,6.773275862,,
3.767995866,0.33,14.40689655,6.773275862,,
3.767995866,0.33,14.71810345,6.788793103,,
3.767995866,0.33,15.02241379,6.804310345,,
3.767995866,0.33,15.34913793,6.835344828,,
3.767995866,0.33,15.66034483,6.835344828,,
3.767995866,0.33,15.94827586,6.819827586,,
3.767995866,0.33,16.29137931,6.835344828,,
3.767995866,0.33,16.60258621,6.850862069,,
3.767995866,0.33,16.92931034,6.850862069,,
3.767995866,0.33,17.20948276,6.86637931,,
3.767995866,0.33,17.48965517,6.881896552,,
3.767995866,0.33,17.76982759,6.881896552,,
3.767995866,0.33,18.11293103,6.889655172,,
3.767995866,0.33,18.4887931,6.936206897,,
3.767995866,0.33,18.83706897,6.937068966,,
3.767995866,0.33,19.1637931,6.960344828,,
3.767995866,0.33,19.49137931,6.975,,
3.767995866,0.33,19.87758621,7.012931034,,
3.767995866,0.33,20.225,7.012931034,,
2.547351279,0.33,0,0,,
2.547351279,0.33,0.015517241,0.18362069,,
2.547351279,0.33,0.086206897,0.377586207,,
2.547351279,0.33,0.156034483,0.54137931,,
2.547351279,0.33,0.225862069,0.681896552,,
2.547351279,0.33,0.295689655,0.837068966,,
2.547351279,0.33,0.381896552,0.969827586,,
2.547351279,0.33,0.459482759,1.125,,
2.547351279,0.33,0.529310345,1.265517241,,
2.547351279,0.33,0.6,1.406034483,,
2.547351279,0.33,0.693103448,1.576724138,,
2.547351279,0.33,0.786206897,1.740517241,,
2.547351279,0.33,0.864655172,1.887931034,,
2.547351279,0.33,0.940517241,2.020689655,,
2.547351279,0.33,1.043103448,2.168965517,,
2.547351279,0.33,1.115517241,2.300862069,,
2.547351279,0.33,1.174137931,2.435344828,,
2.547351279,0.33,1.256034483,2.551724138,,
2.547351279,0.33,1.337068966,2.692241379,,
2.547351279,0.33,1.417241379,2.806896552,,
2.547351279,0.33,1.488793103,2.913793103,,
2.547351279,0.33,1.576724138,3.018965517,,
2.547351279,0.33,1.681896552,3.118103448,,
2.547351279,0.33,1.763793103,3.223275862,,
2.547351279,0.33,1.862931034,3.311206897,,
2.547351279,0.33,1.956034483,3.404310345,,
2.547351279,0.33,2.043965517,3.475,,
2.547351279,0.33,2.16637931,3.562068966,,
2.547351279,0.33,2.271551724,3.643965517,,
2.547351279,0.33,2.382758621,3.707758621,,
2.547351279,0.33,2.505172414,3.778448276,,
2.547351279,0.33,2.63362069,3.848275862,,
2.547351279,0.33,2.738793103,3.918103448,,
2.547351279,0.33,2.861206897,3.993965517,,
2.547351279,0.33,2.972413793,4.052586207,,
2.547351279,0.33,3.065517241,4.099137931,,
2.547351279,0.33,3.164655172,4.145689655,,
2.547351279,0.33,3.264655172,4.198275862,,
2.547351279,0.33,3.375,4.239655172,,
2.547351279,0.33,3.503448276,4.286206897,,
2.547351279,0.33,3.636206897,4.348275862,,
2.547351279,0.33,3.778448276,4.40862069,,
2.547351279,0.33,3.947413793,4.45,,
2.547351279,0.33,4.087931034,4.496551724,,
2.547351279,0.33,4.21637931,4.555172414,,
2.547351279,0.33,4.356034483,4.618965517,,
2.547351279,0.33,4.519827586,4.68362069,,
2.547351279,0.33,4.682758621,4.736206897,,
2.547351279,0.33,4.852586207,4.788793103,,
2.547351279,0.33,5.01637931,4.84137931,,
2.547351279,0.33,5.185344828,4.887931034,,
2.547351279,0.33,5.343103448,4.934482759,,
2.547351279,0.33,5.500862069,4.981034483,,
2.547351279,0.33,5.652586207,5.021551724,,
2.547351279,0.33,5.784482759,5.064655172,,
2.547351279,0.33,5.938793103,5.115517241,,
2.547351279,0.33,6.078448276,5.138793103,,
2.547351279,0.33,6.218965517,5.162068966,,
2.547351279,0.33,6.370689655,5.197413793,,
2.547351279,0.33,6.528448276,5.237931034,,
2.547351279,0.33,6.697413793,5.279310345,,
2.547351279,0.33,6.919827586,5.325862069,,
2.547351279,0.33,7.100862069,5.378448276,,
2.547351279,0.33,7.334482759,5.418965517,,
2.547351279,0.33,7.538793103,5.471551724,,
2.547351279,0.33,7.777586207,5.506896552,,
2.547351279,0.33,7.95862069,5.530172414,,
2.547351279,0.33,8.128448276,5.553448276,,
2.547351279,0.33,8.314655172,5.576724138,,
2.547351279,0.33,8.495689655,5.6,,
2.547351279,0.33,8.706034483,5.612068966,,
2.547351279,0.33,8.945689655,5.617241379,,
2.547351279,0.33,9.202586207,5.664655172,,
2.547351279,0.33,9.459482759,5.687931034,,
2.547351279,0.33,9.693103448,5.734482759,,
2.547351279,0.33,9.973275862,5.781034483,,
2.547351279,0.33,10.26551724,5.793103448,,
2.547351279,0.33,10.54568966,5.827586207,,
2.547351279,0.33,10.83017241,5.874137931,,
2.547351279,0.33,11.07931034,5.874137931,,
2.547351279,0.33,11.2887931,5.874137931,,
2.547351279,0.33,11.54568966,5.874137931,,
2.547351279,0.33,11.75603448,5.881896552,,
2.547351279,0.33,11.98189655,5.889655172,,
2.547351279,0.33,12.26206897,5.906034483,,
2.547351279,0.33,12.57327586,5.906034483,,
2.547351279,0.33,12.82241379,5.906034483,,
2.547351279,0.33,13.08793103,5.921551724,,
2.547351279,0.33,13.41465517,5.937068966,,
2.547351279,0.33,13.71034483,5.952586207,,
2.547351279,0.33,14.03706897,5.968103448,,
2.547351279,0.33,14.4112069,6.014655172,,
2.547351279,0.33,14.70689655,6.030172414,,
2.547351279,0.33,15.01810345,6.061206897,,
2.547351279,0.33,15.32155172,6.076724138,,
2.547351279,0.33,15.57068966,6.092241379,,
2.547351279,0.33,15.85948276,6.061206897,,
2.547351279,0.33,16.13965517,6.092241379,,
2.547351279,0.33,16.45862069,6.092241379,,
2.547351279,0.33,16.70775862,6.107758621,,
2.547351279,0.33,17.01896552,6.123275862,,
2.547351279,0.33,17.30689655,6.131034483,,
2.547351279,0.33,17.65775862,6.131034483,,
2.547351279,0.33,17.93793103,6.131034483,,
2.547351279,0.33,18.25689655,6.123275862,,
2.547351279,0.33,18.475,6.131034483,,
2.547351279,0.33,18.75517241,6.155172414,,
2.547351279,0.33,18.9887931,6.201724138,,
2.547351279,0.33,19.26896552,6.201724138,,
2.547351279,0.33,19.52586207,6.225,,
2.547351279,0.33,19.75948276,6.248275862,,
2.547351279,0.33,20.06293103,6.248275862,,
2.547351279,0.33,20.375,6.248275862,,
2.547351279,0.33,20.65517241,6.279310345,,
2.547351279,0.33,20.99741379,6.310344828,,
2.547351279,0.33,21.41810345,6.34137931,,
22.92616151,3.03030303,0,0,,
22.92616151,3.03030303,0,0.393965517,,
22.92616151,3.03030303,0,0.709482759,,
22.92616151,3.03030303,0.026724138,1.050862069,,
22.92616151,3.03030303,0.079310345,1.393103448,,
22.92616151,3.03030303,0.105172414,1.707758621,,
22.92616151,3.03030303,0.157758621,2.023275862,,
22.92616151,3.03030303,0.210344828,2.338793103,,
22.92616151,3.03030303,0.262931034,2.706896552,,
22.92616151,3.03030303,0.315517241,2.995689655,,
22.92616151,3.03030303,0.393965517,3.363793103,,
22.92616151,3.03030303,0.473275862,3.652586207,,
22.92616151,3.03030303,0.551724138,3.94137931,,
22.92616151,3.03030303,0.631034483,4.231034483,,
22.92616151,3.03030303,0.762068966,4.519827586,,
22.92616151,3.03030303,0.906896552,4.835344828,,
22.92616151,3.03030303,1.025,5.097413793,,
22.92616151,3.03030303,1.130172414,5.347413793,,
22.92616151,3.03030303,1.287931034,5.596551724,,
22.92616151,3.03030303,1.406034483,5.83362069,,
22.92616151,3.03030303,1.55,6.096551724,,
22.92616151,3.03030303,1.681896552,6.306034483,,
22.92616151,3.03030303,1.839655172,6.543103448,,
22.92616151,3.03030303,1.997413793,6.792241379,,
22.92616151,3.03030303,2.14137931,7.068103448,,
22.92616151,3.03030303,2.312068966,7.318103448,,
22.92616151,3.03030303,2.443965517,7.54137931,,
22.92616151,3.03030303,2.627586207,7.777586207,,
22.92616151,3.03030303,2.811206897,8.040517241,,
22.92616151,3.03030303,2.968965517,8.250862069,,
22.92616151,3.03030303,3.153448276,8.487068966,,
22.92616151,3.03030303,3.337068966,8.737068966,,
22.92616151,3.03030303,3.459482759,8.960344828,,
22.92616151,3.03030303,3.634482759,9.187931034,,
22.92616151,3.03030303,3.775,9.398275862,,
22.92616151,3.03030303,3.968103448,9.625862069,,
22.92616151,3.03030303,4.177586207,9.853448276,,
22.92616151,3.03030303,4.353448276,10.0637931,,
22.92616151,3.03030303,4.528448276,10.32672414,,
22.92616151,3.03030303,4.738793103,10.55431034,,
22.92616151,3.03030303,4.96637931,10.72068966,,
22.92616151,3.03030303,5.176724138,10.90431034,,
22.92616151,3.03030303,5.386206897,11.11465517,,
22.92616151,3.03030303,5.623275862,11.35172414,,
22.92616151,3.03030303,5.859482759,11.53534483,,
22.92616151,3.03030303,6.122413793,11.77155172,,
22.92616151,3.03030303,6.35862069,11.99482759,,
22.92616151,3.03030303,6.595689655,12.19224138,,
22.92616151,3.03030303,6.857758621,12.37586207,,
22.92616151,3.03030303,7.068103448,12.5862069,,
22.92616151,3.03030303,7.313793103,12.72672414,,
22.92616151,3.03030303,7.593965517,12.92758621,,
22.92616151,3.03030303,7.830172414,13.11206897,,
22.92616151,3.03030303,8.084482759,13.35689655,,
22.92616151,3.03030303,8.364655172,13.53189655,,
22.92616151,3.03030303,8.605172414,13.75603448,,
22.92616151,3.03030303,8.868103448,13.93965517,,
22.92616151,3.03030303,9.1,14.09310345,,
22.92616151,3.03030303,9.310344828,14.26810345,,
22.92616151,3.03030303,9.520689655,14.46034483,,
22.92616151,3.03030303,9.800862069,14.67068966,,
22.92616151,3.03030303,10.0637931,14.88534483,,
22.92616151,3.03030303,10.3,15.03017241,,
22.92616151,3.03030303,10.58965517,15.24051724,,
22.92616151,3.03030303,10.87844828,15.39827586,,
22.92616151,3.03030303,11.14137931,15.58189655,,
22.92616151,3.03030303,11.39051724,15.73965517,,
22.92616151,3.03030303,11.66637931,15.91034483,,
22.92616151,3.03030303,11.8637931,16.09396552,,
22.92616151,3.03030303,12.13965517,16.21206897,,
22.92616151,3.03030303,12.35,16.35689655,,
22.92616151,3.03030303,12.55086207,16.49310345,,
22.92616151,3.03030303,12.8362069,16.63275862,,
22.92616151,3.03030303,13.16465517,16.80344828,,
22.92616151,3.03030303,13.51896552,17.00086207,,
22.92616151,3.03030303,13.84741379,17.2112069,,
22.92616151,3.03030303,14.16293103,17.36896552,,
22.92616151,3.03030303,14.58275862,17.57844828,,
22.92616151,3.03030303,15.00344828,17.7887931,,
22.92616151,3.03030303,15.37155172,17.99913793,,
22.92616151,3.03030303,15.84482759,18.20948276,,
22.92616151,3.03030303,16.19482759,18.41982759,,
22.92616151,3.03030303,16.63275862,18.57758621,,
22.92616151,3.03030303,17.05344828,18.78706897,,
22.92616151,3.03030303,17.52586207,18.94482759,,
22.92616151,3.03030303,17.99913793,19.20775862,,
22.92616151,3.03030303,18.47241379,19.41810345,,
22.92616151,3.03030303,18.99741379,19.62844828,,
22.92616151,3.03030303,19.52327586,19.8387931,,
22.92616151,3.03030303,19.99568966,20.04827586,,
22.92616151,3.03030303,20.57413793,20.20603448,,
22.92616151,3.03030303,21.1,20.41637931,,
22.92616151,3.03030303,21.625,20.57413793,,
22.92616151,3.03030303,22.20344828,20.78448276,,
22.92616151,3.03030303,22.78103448,20.99482759,,
22.92616151,3.03030303,23.30689655,21.20517241,,
22.92616151,3.03030303,23.88448276,21.36206897,,
22.92616151,3.03030303,24.41034483,21.51982759,,
22.92616151,3.03030303,24.9887931,21.67758621,,
22.92616151,3.03030303,25.56637931,21.83534483,,
22.92616151,3.03030303,26.14482759,21.99310345,,
22.92616151,3.03030303,26.79310345,22.23793103,,
22.92616151,3.03030303,27.42327586,22.37844828,,
22.92616151,3.03030303,28.0887931,22.57155172,,
22.92616151,3.03030303,28.61465517,22.72844828,,
22.92616151,3.03030303,29.13965517,22.8862069,,
22.92616151,3.03030303,29.66551724,23.04396552,,
22.92616151,3.03030303,30.0862069,23.20172414,,
22.92616151,3.03030303,30.55862069,23.35948276,,
22.92616151,3.03030303,31.03189655,23.51724138,,
22.92616151,3.03030303,31.50517241,23.675,,
22.92616151,3.03030303,32.03017241,23.83275862,,
22.92616151,3.03030303,32.50344828,23.93793103,,
22.92616151,3.03030303,32.92413793,24.09482759,,
22.92616151,3.03030303,33.44913793,24.2,,
7.630749024,3.03030303,0,0,,
7.630749024,3.03030303,0.007758621,0.137931034,,
7.630749024,3.03030303,0.01637931,0.302586207,,
7.630749024,3.03030303,0.01637931,0.500862069,,
7.630749024,3.03030303,0.027586207,0.687931034,,
7.630749024,3.03030303,0.049137931,0.886206897,,
7.630749024,3.03030303,0.060344828,1.062931034,,
7.630749024,3.03030303,0.081896552,1.243965517,,
7.630749024,3.03030303,0.115517241,1.425862069,,
7.630749024,3.03030303,0.164655172,1.575,,
7.630749024,3.03030303,0.214655172,1.739655172,,
7.630749024,3.03030303,0.263793103,1.888793103,,
7.630749024,3.03030303,0.330172414,2.042241379,,
7.630749024,3.03030303,0.379310345,2.168965517,,
7.630749024,3.03030303,0.445689655,2.301724138,,
7.630749024,3.03030303,0.528448276,2.45,,
7.630749024,3.03030303,0.627586207,2.609482759,,
7.630749024,3.03030303,0.709482759,2.738793103,,
7.630749024,3.03030303,0.817241379,2.887931034,,
7.630749024,3.03030303,0.932758621,3.028448276,,
7.630749024,3.03030303,1.031896552,3.151724138,,
7.630749024,3.03030303,1.147413793,3.30862069,,
7.630749024,3.03030303,1.271551724,3.449137931,,
7.630749024,3.03030303,1.387068966,3.573275862,,
7.630749024,3.03030303,1.511206897,3.656034483,,
7.630749024,3.03030303,1.610344828,3.755172414,,
7.630749024,3.03030303,1.717241379,3.854310345,,
7.630749024,3.03030303,1.849137931,3.936206897,,
7.630749024,3.03030303,1.998275862,4.068965517,,
7.630749024,3.03030303,2.155172414,4.168103448,,
7.630749024,3.03030303,2.303448276,4.25862069,,
7.630749024,3.03030303,2.468965517,4.365517241,,
7.630749024,3.03030303,2.609482759,4.456896552,,
7.630749024,3.03030303,2.799137931,4.547413793,,
7.630749024,3.03030303,2.939655172,4.630172414,,
7.630749024,3.03030303,3.096551724,4.704310345,,
7.630749024,3.03030303,3.262068966,4.778448276,,
7.630749024,3.03030303,3.451724138,4.844827586,,
7.630749024,3.03030303,3.61637931,4.918965517,,
7.630749024,3.03030303,3.806896552,4.985344828,,
7.630749024,3.03030303,3.996551724,5.051724138,,
7.630749024,3.03030303,4.203448276,5.13362069,,
7.630749024,3.03030303,4.365517241,5.19137931,,
7.630749024,3.03030303,4.563793103,5.235344828,,
7.630749024,3.03030303,4.739655172,5.301724138,,
7.630749024,3.03030303,4.912931034,5.356896552,,
7.630749024,3.03030303,5.078448276,5.423275862,,
7.630749024,3.03030303,5.251724138,5.472413793,,
7.630749024,3.03030303,5.40862069,5.505172414,,
7.630749024,3.03030303,5.606896552,5.555172414,,
7.630749024,3.03030303,5.830172414,5.621551724,,
7.630749024,3.03030303,6.061206897,5.670689655,,
7.630749024,3.03030303,6.237068966,5.742241379,,
7.630749024,3.03030303,6.435344828,5.764655172,,
7.630749024,3.03030303,6.63362069,5.830172414,,
7.630749024,3.03030303,6.809482759,5.874137931,,
7.630749024,3.03030303,7.007758621,5.896551724,,
7.630749024,3.03030303,7.206034483,5.940517241,,
7.630749024,3.03030303,7.448275862,5.962068966,,
7.630749024,3.03030303,7.646551724,6.006896552,,
7.630749024,3.03030303,7.9,6.050862069,,
7.630749024,3.03030303,8.20862069,6.106034483,,
7.630749024,3.03030303,8.494827586,6.15,,
7.630749024,3.03030303,8.836206897,6.182758621,,
7.630749024,3.03030303,9.143965517,6.226724138,,
7.630749024,3.03030303,9.474137931,6.270689655,,
7.630749024,3.03030303,9.771551724,6.281896552,,
7.630749024,3.03030303,10.04741379,6.369827586,,
7.630749024,3.03030303,10.34396552,6.392241379,,
7.630749024,3.03030303,10.68534483,6.413793103,,
7.630749024,3.03030303,10.97241379,6.425,,
7.630749024,3.03030303,11.31293103,6.457758621,,
7.630749024,3.03030303,11.63275862,6.501724138,,
7.630749024,3.03030303,11.94051724,6.512931034,,
7.630749024,3.03030303,12.28189655,6.512931034,,
7.630749024,3.03030303,12.61293103,6.556896552,,
7.630749024,3.03030303,12.96465517,6.579310345,,
7.630749024,3.03030303,13.32844828,6.612068966,,
7.630749024,3.03030303,13.725,6.612068966,,
7.630749024,3.03030303,14.04396552,6.623275862,,
7.630749024,3.03030303,14.41810345,6.644827586,,
7.630749024,3.03030303,14.81465517,6.644827586,,
7.630749024,3.03030303,15.2112069,6.644827586,,
7.630749024,3.03030303,15.67327586,6.644827586,,
7.630749024,3.03030303,16.06982759,6.678448276,,
7.630749024,3.03030303,16.49913793,6.678448276,,
7.630749024,3.03030303,16.89568966,6.678448276,,
7.630749024,3.03030303,17.25948276,6.678448276,,
7.630749024,3.03030303,17.65517241,6.678448276,,
7.630749024,3.03030303,18.05172414,6.678448276,,
7.630749024,3.03030303,18.41551724,6.711206897,,
7.630749024,3.03030303,18.81206897,6.711206897,,
7.630749024,3.03030303,19.28189655,6.762068966,,
7.630749024,3.03030303,19.74741379,6.722413793,,
7.630749024,3.03030303,20.20948276,6.762068966,,
7.630749024,3.03030303,20.69482759,6.711206897,,
7.630749024,3.03030303,21.15689655,6.76637931,,
7.630749024,3.03030303,21.68534483,6.777586207,,
7.630749024,3.03030303,22.28017241,6.777586207,,
7.630749024,3.03030303,22.79741379,6.810344828,,
7.630749024,3.03030303,23.36982759,6.810344828,,
7.630749024,3.03030303,23.89827586,6.843103448,,
7.630749024,3.03030303,24.42758621,6.887068966,,
7.630749024,3.03030303,24.94482759,6.898275862,,
7.630749024,3.03030303,25.47327586,6.898275862,,
7.630749024,3.03030303,26.13362069,6.898275862,,
7.630749024,3.03030303,26.79482759,6.854310345,,
3.767995866,3.03030303,0,0,,
3.767995866,3.03030303,0.018965517,0.179310345,,
3.767995866,3.03030303,0.031896552,0.340517241,,
3.767995866,3.03030303,0.057758621,0.500862069,,
3.767995866,3.03030303,0.095689655,0.661206897,,
3.767995866,3.03030303,0.121551724,0.802586207,,
3.767995866,3.03030303,0.160344828,0.937931034,,
3.767995866,3.03030303,0.199137931,1.072413793,,
3.767995866,3.03030303,0.243965517,1.207758621,,
3.767995866,3.03030303,0.288793103,1.355172414,,
3.767995866,3.03030303,0.346551724,1.489655172,,
3.767995866,3.03030303,0.404310345,1.593103448,,
3.767995866,3.03030303,0.468965517,1.70862069,,
3.767995866,3.03030303,0.532758621,1.817241379,,
3.767995866,3.03030303,0.590517241,1.920689655,,
3.767995866,3.03030303,0.667241379,2.029310345,,
3.767995866,3.03030303,0.750862069,2.131896552,,
3.767995866,3.03030303,0.828448276,2.215517241,,
3.767995866,3.03030303,0.924137931,2.312068966,,
3.767995866,3.03030303,1.001724138,2.414655172,,
3.767995866,3.03030303,1.09137931,2.511206897,,
3.767995866,3.03030303,1.181896552,2.600862069,,
3.767995866,3.03030303,1.284482759,2.684482759,,
3.767995866,3.03030303,1.380172414,2.768103448,,
3.767995866,3.03030303,1.496551724,2.851724138,,
3.767995866,3.03030303,1.586206897,2.928448276,,
3.767995866,3.03030303,1.695689655,3.012068966,,
3.767995866,3.03030303,1.798275862,3.082758621,,
3.767995866,3.03030303,1.900862069,3.147413793,,
3.767995866,3.03030303,2.025862069,3.224137931,,
3.767995866,3.03030303,2.125862069,3.294827586,,
3.767995866,3.03030303,2.234482759,3.352586207,,
3.767995866,3.03030303,2.331034483,3.423275862,,
3.767995866,3.03030303,2.43362069,3.475,,
3.767995866,3.03030303,2.537068966,3.532758621,,
3.767995866,3.03030303,2.652586207,3.58362069,,
3.767995866,3.03030303,2.748275862,3.635344828,,
3.767995866,3.03030303,2.844827586,3.687068966,,
3.767995866,3.03030303,2.947413793,3.725,,
3.767995866,3.03030303,3.075862069,3.763793103,,
3.767995866,3.03030303,3.185344828,3.821551724,,
3.767995866,3.03030303,3.307758621,3.86637931,,
3.767995866,3.03030303,3.41637931,3.905172414,,
3.767995866,3.03030303,3.551724138,3.95,,
3.767995866,3.03030303,3.673275862,3.994827586,,
3.767995866,3.03030303,3.801724138,4.026724138,,
3.767995866,3.03030303,3.943103448,4.09137931,,
3.767995866,3.03030303,4.078448276,4.149137931,,
3.767995866,3.03030303,4.232758621,4.206896552,,
3.767995866,3.03030303,4.380172414,4.251724138,,
3.767995866,3.03030303,4.521551724,4.290517241,,
3.767995866,3.03030303,4.675862069,4.34137931,,
3.767995866,3.03030303,4.830172414,4.361206897,,
3.767995866,3.03030303,4.945689655,4.4,,
3.767995866,3.03030303,5.099137931,4.418965517,,
3.767995866,3.03030303,5.253448276,4.457758621,,
3.767995866,3.03030303,5.401724138,4.482758621,,
3.767995866,3.03030303,5.575,4.521551724,,
3.767995866,3.03030303,5.729310345,4.553448276,,
3.767995866,3.03030303,5.882758621,4.586206897,,
3.767995866,3.03030303,6.024137931,4.599137931,,
3.767995866,3.03030303,6.178448276,4.624137931,,
3.767995866,3.03030303,6.319827586,4.637068966,,
3.767995866,3.03030303,6.455172414,4.662931034,,
3.767995866,3.03030303,6.628448276,4.668965517,,
3.767995866,3.03030303,6.769827586,4.675862069,,
3.767995866,3.03030303,6.923275862,4.688793103,,
3.767995866,3.03030303,7.077586207,4.701724138,,
3.767995866,3.03030303,7.218965517,4.720689655,,
3.767995866,3.03030303,7.373275862,4.73362069,,
3.767995866,3.03030303,7.546551724,4.746551724,,
3.767995866,3.03030303,7.687931034,4.765517241,,
3.767995866,3.03030303,7.829310345,4.765517241,,
3.767995866,3.03030303,7.970689655,4.765517241,,
3.767995866,3.03030303,8.115517241,4.765517241,,
3.767995866,3.03030303,8.25,4.785344828,,
3.767995866,3.03030303,8.432758621,4.785344828,,
3.767995866,3.03030303,8.606034483,4.785344828,,
3.767995866,3.03030303,8.760344828,4.804310345,,
3.767995866,3.03030303,8.905172414,4.794827586,,
3.767995866,3.03030303,9.059482759,4.794827586,,
3.767995866,3.03030303,9.242241379,4.785344828,,
3.767995866,3.03030303,9.387068966,4.785344828,,
3.767995866,3.03030303,9.569827586,4.804310345,,
3.767995866,3.03030303,9.724137931,4.804310345,,
3.767995866,3.03030303,9.936206897,4.804310345,,
3.767995866,3.03030303,10.10948276,4.804310345,,
3.767995866,3.03030303,10.30172414,4.804310345,,
3.767995866,3.03030303,10.49482759,4.823275862,,
3.767995866,3.03030303,10.68793103,4.823275862,,
3.767995866,3.03030303,10.8612069,4.823275862,,
3.767995866,3.03030303,11.05344828,4.823275862,,
3.767995866,3.03030303,11.28448276,4.813793103,,
3.767995866,3.03030303,11.45862069,4.813793103,,
3.767995866,3.03030303,11.64137931,4.813793103,,
3.767995866,3.03030303,11.83362069,4.813793103,,
3.767995866,3.03030303,12.06206897,4.830172414,,
3.767995866,3.03030303,12.26724138,4.830172414,,
3.767995866,3.03030303,12.47931034,4.843103448,,
3.767995866,3.03030303,12.74913793,4.862068966,,
3.767995866,3.03030303,13.05775862,4.862068966,,
3.767995866,3.03030303,13.2887931,4.881034483,,
3.767995866,3.03030303,13.53965517,4.881034483,,
3.767995866,3.03030303,13.80948276,4.881034483,,
3.767995866,3.03030303,14.07844828,4.881034483,,
3.767995866,3.03030303,14.31034483,4.881034483,,
3.767995866,3.03030303,14.54137931,4.881034483,,
3.767995866,3.03030303,14.77241379,4.881034483,,
3.767995866,3.03030303,15.04224138,4.881034483,,
3.767995866,3.03030303,15.36982759,4.900862069,,
3.767995866,3.03030303,15.69741379,4.900862069,,
3.767995866,3.03030303,16.025,4.900862069,,
2.547351279,3.03030303,0,0,,
2.547351279,3.03030303,0.005172414,0.15862069,,
2.547351279,3.03030303,0.034482759,0.312931034,,
2.547351279,3.03030303,0.053448276,0.472413793,,
2.547351279,3.03030303,0.096551724,0.669827586,,
2.547351279,3.03030303,0.15,0.837931034,,
2.547351279,3.03030303,0.202586207,0.987068966,,
2.547351279,3.03030303,0.256034483,1.137068966,,
2.547351279,3.03030303,0.318103448,1.252586207,,
2.547351279,3.03030303,0.385344828,1.387068966,,
2.547351279,3.03030303,0.462931034,1.54137931,,
2.547351279,3.03030303,0.539655172,1.652586207,,
2.547351279,3.03030303,0.617241379,1.753448276,,
2.547351279,3.03030303,0.679310345,1.854310345,,
2.547351279,3.03030303,0.76637931,1.956034483,,
2.547351279,3.03030303,0.83362069,2.06637931,,
2.547351279,3.03030303,0.925,2.177586207,,
2.547351279,3.03030303,1.021551724,2.273275862,,
2.547351279,3.03030303,1.122413793,2.384482759,,
2.547351279,3.03030303,1.214655172,2.485344828,,
2.547351279,3.03030303,1.315517241,2.572413793,,
2.547351279,3.03030303,1.402586207,2.644827586,,
2.547351279,3.03030303,1.493965517,2.712068966,,
2.547351279,3.03030303,1.585344828,2.779310345,,
2.547351279,3.03030303,1.686206897,2.842241379,,
2.547351279,3.03030303,1.777586207,2.904310345,,
2.547351279,3.03030303,1.890517241,2.974137931,,
2.547351279,3.03030303,2.018965517,3.034482759,,
2.547351279,3.03030303,2.134482759,3.082758621,,
2.547351279,3.03030303,2.268965517,3.160344828,,
2.547351279,3.03030303,2.399137931,3.246551724,,
2.547351279,3.03030303,2.519827586,3.318965517,,
2.547351279,3.03030303,2.659482759,3.39137931,,
2.547351279,3.03030303,2.780172414,3.454310345,,
2.547351279,3.03030303,2.910344828,3.525862069,,
2.547351279,3.03030303,3.074137931,3.58362069,,
2.547351279,3.03030303,3.251724138,3.661206897,,
2.547351279,3.03030303,3.412931034,3.731896552,,
2.547351279,3.03030303,3.643965517,3.782758621,,
2.547351279,3.03030303,3.843103448,3.847413793,,
2.547351279,3.03030303,4.068103448,3.898275862,,
2.547351279,3.03030303,4.279310345,3.962931034,,
2.547351279,3.03030303,4.472413793,4.014655172,,
2.547351279,3.03030303,4.697413793,4.039655172,,
2.547351279,3.03030303,4.902586207,4.117241379,,
2.547351279,3.03030303,5.163793103,4.170689655,,
2.547351279,3.03030303,5.410344828,4.245689655,,
2.547351279,3.03030303,5.628448276,4.290517241,,
2.547351279,3.03030303,5.846551724,4.31637931,,
2.547351279,3.03030303,6.052586207,4.348275862,,
2.547351279,3.03030303,6.309482759,4.374137931,,
2.547351279,3.03030303,6.547413793,4.412931034,,
2.547351279,3.03030303,6.752586207,4.463793103,,
2.547351279,3.03030303,6.951724138,4.470689655,,
2.547351279,3.03030303,7.125,4.50862069,,
2.547351279,3.03030303,7.30862069,4.53362069,,
2.547351279,3.03030303,7.506896552,4.56637931,,
2.547351279,3.03030303,7.74137931,4.586206897,,
2.547351279,3.03030303,7.915517241,4.612068966,,
2.547351279,3.03030303,8.107758621,4.624137931,,
2.547351279,3.03030303,8.319827586,4.662931034,,
2.547351279,3.03030303,8.512068966,4.662931034,,
2.547351279,3.03030303,8.724137931,4.688793103,,
2.547351279,3.03030303,8.923275862,4.714655172,,
2.547351279,3.03030303,9.122413793,4.740517241,,
2.547351279,3.03030303,9.270689655,4.746551724,,
2.547351279,3.03030303,9.469827586,4.740517241,,
2.547351279,3.03030303,9.656034483,4.746551724,,
2.547351279,3.03030303,9.835344828,4.759482759,,
2.547351279,3.03030303,10.02155172,4.765517241,,
2.547351279,3.03030303,10.18275862,4.778448276,,
2.547351279,3.03030303,10.38189655,4.798275862,,
2.547351279,3.03030303,10.53534483,4.823275862,,
2.547351279,3.03030303,10.73448276,4.817241379,,
2.547351279,3.03030303,10.94051724,4.817241379,,
2.547351279,3.03030303,11.11982759,4.823275862,,
2.547351279,3.03030303,11.28706897,4.830172414,,
2.547351279,3.03030303,11.46034483,4.830172414,,
2.547351279,3.03030303,11.63103448,4.830172414,,
2.547351279,3.03030303,11.83965517,4.830172414,,
2.547351279,3.03030303,12,4.817241379,,
2.547351279,3.03030303,12.21206897,4.817241379,,
2.547351279,3.03030303,12.41724138,4.817241379,,
2.547351279,3.03030303,12.62327586,4.817241379,,
2.547351279,3.03030303,12.86724138,4.817241379,,
2.547351279,3.03030303,13.07931034,4.823275862,,
2.547351279,3.03030303,13.30431034,4.817241379,,
2.547351279,3.03030303,13.50948276,4.810344828,,
2.547351279,3.03030303,13.68965517,4.810344828,,
2.547351279,3.03030303,13.89482759,4.810344828,,
2.547351279,3.03030303,14.08103448,4.817241379,,
2.547351279,3.03030303,14.33189655,4.817241379,,
2.547351279,3.03030303,14.55344828,4.845689655,,
2.547351279,3.03030303,14.78448276,4.836206897,,
2.547351279,3.03030303,15.01551724,4.845689655,,
2.547351279,3.03030303,15.21810345,4.856034483,,
2.547351279,3.03030303,15.44913793,4.856034483,,
2.547351279,3.03030303,15.67068966,4.856034483,,
2.547351279,3.03030303,15.92155172,4.875,,
2.547351279,3.03030303,16.16206897,4.875,,
2.547351279,3.03030303,16.45086207,4.913793103,,
2.547351279,3.03030303,16.68275862,4.913793103,,
2.547351279,3.03030303,16.99051724,4.913793103,,
2.547351279,3.03030303,17.22241379,4.913793103,,
2.547351279,3.03030303,17.49137931,4.913793103,,
2.547351279,3.03030303,17.8387931,4.913793103,,
22.92665508,1,0,0,,
22.92665508,1,0,0.259338314,,
22.92665508,1,-0.008537887,0.50266809,,
22.92665508,1,0.01814301,0.736392743,,
22.92665508,1,0.035218783,0.970117396,,
22.92665508,1,0.04375667,1.195304162,,
22.92665508,1,0.069370331,1.419423693,,
22.92665508,1,0.096051227,1.627534685,,
22.92665508,1,0.121664888,1.835645678,,
22.92665508,1,0.138740662,2.04375667,,
22.92665508,1,0.147278549,2.199573106,,
22.92665508,1,0.165421558,2.372465315,,
22.92665508,1,0.191035219,2.589114194,,
22.92665508,1,0.199573106,2.779082177,,
22.92665508,1,0.216648879,2.978655283,,
22.92665508,1,0.251867663,3.177161153,,
22.92665508,1,0.28601921,3.385272145,,
22.92665508,1,0.311632871,3.601921025,,
22.92665508,1,0.338313767,3.800426894,,
22.92665508,1,0.363927428,3.982924226,,
22.92665508,1,0.381003202,4.155816435,,
22.92665508,1,0.407684098,4.346851654,,
22.92665508,1,0.433297759,4.553895411,,
22.92665508,1,0.467449306,4.762006403,,
22.92665508,1,0.50266809,4.970117396,,
22.92665508,1,0.554962647,5.22945571,,
22.92665508,1,0.589114194,5.47171825,,
22.92665508,1,0.637139808,5.753468517,,
22.92665508,1,0.702241195,6.052294557,,
22.92665508,1,0.766275347,6.376734258,,
22.92665508,1,0.844183565,6.701173959,,
22.92665508,1,0.922091782,7.01280683,,
22.92665508,1,1,7.311632871,,
22.92665508,1,1.077908218,7.597652081,,
22.92665508,1,1.169690502,7.947705443,,
22.92665508,1,1.27321238,8.259338314,,
22.92665508,1,1.363927428,8.519743863,,
22.92665508,1,1.481323372,8.844183565,,
22.92665508,1,1.610458911,9.155816435,,
22.92665508,1,1.727854856,9.454642476,,
22.92665508,1,1.853788687,9.732123799,,
22.92665508,1,1.991462113,10.05229456,,
22.92665508,1,2.147278549,10.36392743,,
22.92665508,1,2.321237994,10.6755603,,
22.92665508,1,2.458911419,11.00426894,,
22.92665508,1,2.614727855,11.29882604,,
22.92665508,1,2.77054429,11.62753469,,
22.92665508,1,2.926360726,11.85272145,,
22.92665508,1,3.117395945,12.19957311,,
22.92665508,1,3.27321238,12.47598719,,
22.92665508,1,3.394877268,12.70971185,,
22.92665508,1,3.584845251,12.96051227,,
22.92665508,1,3.75773746,13.2379936,,
22.92665508,1,3.931696905,13.53255069,,
22.92665508,1,4.08751334,13.75773746,,
22.92665508,1,4.26040555,14.01707577,,
22.92665508,1,4.433297759,14.31163287,,
22.92665508,1,4.624332978,14.57097118,,
22.92665508,1,4.780149413,14.84418356,,
22.92665508,1,4.98719317,15.07790822,,
22.92665508,1,5.155816435,15.29882604,,
22.92665508,1,5.311632871,15.49306297,,
22.92665508,1,5.494130203,15.74066169,,
22.92665508,1,5.675560299,15.98719317,,
22.92665508,1,5.870864461,16.20811099,,
22.92665508,1,6.039487727,16.41515475,,
22.92665508,1,6.220917823,16.61045891,,
22.92665508,1,6.429028815,16.83137673,,
22.92665508,1,6.584845251,17.05229456,,
22.92665508,1,6.740661686,17.27321238,,
22.92665508,1,6.922091782,17.46744931,,
22.92665508,1,7.104589114,17.68836713,,
22.92665508,1,7.311632871,17.90928495,,
22.92665508,1,7.494130203,18.10352188,,
22.92665508,1,7.675560299,18.29882604,,
22.92665508,1,7.870864461,18.49306297,,
22.92665508,1,8.026680896,18.6755603,,
22.92665508,1,8.208110993,18.88260406,,
22.92665508,1,8.389541089,19.06510139,,
22.92665508,1,8.57203842,19.24653148,,
22.92665508,1,8.753468517,19.42902882,,
22.92665508,1,8.909284952,19.64461046,,
22.92665508,1,9.091782284,19.85272145,,
22.92665508,1,9.325506937,20.06083244,,
22.92665508,1,9.550693703,20.27748132,,
22.92665508,1,9.75773746,20.46744931,,
22.92665508,1,10,20.68409819,,
22.92665508,1,10.28601921,20.90928495,,
22.92665508,1,10.54642476,21.11739594,,
22.92665508,1,10.78014941,21.3244397,,
22.92665508,1,11.01387407,21.51974386,,
22.92665508,1,11.23372465,21.76627535,,
22.92665508,1,11.44183565,21.96051227,,
22.92665508,1,11.7022412,22.16862327,,
22.92665508,1,11.94877268,22.31163287,,
22.92665508,1,12.20811099,22.49306297,,
22.92665508,1,12.46744931,22.70117396,,
22.92665508,1,12.75346852,22.88260406,,
22.92665508,1,13.03948773,23.06510139,,
22.92665508,1,13.29882604,23.27321238,,
22.92665508,1,13.55923159,23.45464248,,
22.92665508,1,13.79295624,23.63607257,,
22.92665508,1,14.07790822,23.86979723,,
22.92665508,1,14.31163287,24.02561366,,
22.92665508,1,14.59765208,24.1814301,,
22.92665508,1,14.85805763,24.36392743,,
22.92665508,1,15.13447172,24.52828175,,
22.92665508,1,15.38527215,24.69263607,,
22.92665508,1,15.64567769,24.85699039,,
7.630913303,1,0,0,,
7.630913303,1,0.004268943,0.13660619,,
7.630913303,1,0.017075774,0.296691569,,
7.630913303,1,0.035218783,0.452508004,,
7.630913303,1,0.065101387,0.597652081,,
7.630913303,1,0.077908218,0.772678762,,
7.630913303,1,0.103521878,0.954108858,,
7.630913303,1,0.121664888,1.13660619,,
7.630913303,1,0.155816435,1.309498399,,
7.630913303,1,0.181430096,1.473852721,,
7.630913303,1,0.199573106,1.673425827,,
7.630913303,1,0.233724653,1.85058698,,
7.630913303,1,0.259338314,2.006403415,,
7.630913303,1,0.298826041,2.175026681,,
7.630913303,1,0.324439701,2.330843116,,
7.630913303,1,0.376734258,2.473852721,,
7.630913303,1,0.429028815,2.629669157,,
7.630913303,1,0.467449306,2.785485592,,
7.630913303,1,0.532550694,2.928495197,,
7.630913303,1,0.597652081,3.084311633,,
7.630913303,1,0.662753469,3.240128068,,
7.630913303,1,0.740661686,3.402347919,,
7.630913303,1,0.814300961,3.551760939,,
7.630913303,1,0.892209178,3.741728922,,
7.630913303,1,0.98719317,3.897545358,,
7.630913303,1,1.090715048,4.077908218,,
7.630913303,1,1.181430096,4.227321238,,
7.630913303,1,1.28601921,4.362860192,,
7.630913303,1,1.389541089,4.526147279,,
7.630913303,1,1.506937033,4.681963714,,
7.630913303,1,1.604055496,4.811099253,,
7.630913303,1,1.71398079,4.960512273,,
7.630913303,1,1.824973319,5.097118463,,
7.630913303,1,1.947705443,5.220917823,,
7.630913303,1,2.077908218,5.356456777,,
7.630913303,1,2.208110993,5.480256137,,
7.630913303,1,2.330843116,5.564567769,,
7.630913303,1,2.461045891,5.681963714,,
7.630913303,1,2.629669157,5.811099253,,
7.630913303,1,2.791889007,5.947705443,,
7.630913303,1,2.947705443,6.071504803,,
7.630913303,1,3.082177161,6.166488794,,
7.630913303,1,3.246531483,6.284951974,,
7.630913303,1,3.385272145,6.383137673,,
7.630913303,1,3.545357524,6.486659552,,
7.630913303,1,3.675560299,6.5773746,,
7.630913303,1,3.798292423,6.655282818,,
7.630913303,1,3.934898613,6.73959445,,
7.630913303,1,4.071504803,6.817502668,,
7.630913303,1,4.214514408,6.895410886,,
7.630913303,1,4.372465315,6.997865528,,
7.630913303,1,4.553895411,7.084311633,,
7.630913303,1,4.718249733,7.196371398,,
7.630913303,1,4.917822839,7.292422625,,
7.630913303,1,5.160085379,7.395944504,,
7.630913303,1,5.368196371,7.499466382,,
7.630913303,1,5.636072572,7.604055496,,
7.630913303,1,5.852721451,7.699039488,,
7.630913303,1,6.117395945,7.785485592,,
7.630913303,1,6.402347919,7.87620064,,
7.630913303,1,6.649946638,7.966915688,,
7.630913303,1,6.947705443,8.071504803,,
7.630913303,1,7.27321238,8.157950907,,
7.630913303,1,7.618996798,8.261472785,,
7.630913303,1,7.930629669,8.383137673,,
7.630913303,1,8.346851654,8.469583778,,
7.630913303,1,8.658484525,8.581643543,,
7.630913303,1,9.073639274,8.686232657,,
7.630913303,1,9.47171825,8.772678762,,
7.630913303,1,9.874066169,8.893276414,,
7.630913303,1,10.28601921,9.006403415,,
7.630913303,1,10.70117396,9.09284952,,
7.630913303,1,11.08217716,9.231590181,,
7.630913303,1,11.49839915,9.33511206,,
7.630913303,1,11.94770544,9.438633938,,
7.630913303,1,12.39807898,9.508004269,,
7.630913303,1,12.81430096,9.646744931,,
7.630913303,1,13.22091782,9.751334045,,
7.630913303,1,13.64994664,9.85058698,,
7.630913303,1,14.05229456,9.941302028,,
7.630913303,1,14.41515475,10.04482391,,
7.630913303,1,14.80576307,10.14941302,,
7.630913303,1,15.22091782,10.2529349,,
7.630913303,1,15.63607257,10.35645678,,
7.630913303,1,16.07790822,10.46104589,,
7.630913303,1,16.44183565,10.53895411,,
7.630913303,1,16.80576307,10.61686233,,
7.630913303,1,17.22091782,10.74599787,,
7.630913303,1,17.68836713,10.85058698,,
7.630913303,1,18.10352188,10.98078975,,
7.630913303,1,18.57203842,11.08431163,,
7.630913303,1,19.01173959,11.21024546,,
7.630913303,1,19.55816435,11.31803629,,
7.630913303,1,20.0416222,11.42475987,,
7.630913303,1,20.59765208,11.5773746,,
7.630913303,1,21.02774813,11.68196371,,
7.630913303,1,21.48025614,11.78548559,,
7.630913303,1,21.92956243,11.93916756,,
3.768076985,1,0,0,,
3.768076985,1,0,0.138740662,,
3.768076985,1,0.017075774,0.290288154,,
3.768076985,1,0.034151547,0.443970117,,
3.768076985,1,0.067235859,0.606189968,,
3.768076985,1,0.099252935,0.749199573,,
3.768076985,1,0.131270011,0.917822839,,
3.768076985,1,0.157950907,1.060832444,,
3.768076985,1,0.189967983,1.194236926,,
3.768076985,1,0.223052295,1.345784418,,
3.768076985,1,0.25506937,1.501600854,,
3.768076985,1,0.300960512,1.638207044,,
3.768076985,1,0.339381003,1.762006403,,
3.768076985,1,0.398078975,1.911419424,,
3.768076985,1,0.442902882,2.027748132,,
3.768076985,1,0.48452508,2.181430096,,
3.768076985,1,0.536819637,2.311632871,,
3.768076985,1,0.592315902,2.433297759,,
3.768076985,1,0.648879402,2.545357524,,
3.768076985,1,0.709711846,2.662753469,,
3.768076985,1,0.77054429,2.762006403,,
3.768076985,1,0.830309498,2.856990395,,
3.768076985,1,0.882604055,2.970117396,,
3.768076985,1,0.943436499,3.048025614,,
3.768076985,1,1.021344717,3.155816435,,
3.768076985,1,1.090715048,3.246531483,,
3.768076985,1,1.160085379,3.332977588,,
3.768076985,1,1.25506937,3.437566702,,
3.768076985,1,1.341515475,3.549626467,,
3.768076985,1,1.436499466,3.653148346,,
3.768076985,1,1.532550694,3.75773746,,
3.768076985,1,1.636072572,3.861259338,,
3.768076985,1,1.73959445,3.964781217,,
3.768076985,1,1.844183565,4.052294557,,
3.768076985,1,1.943436499,4.138740662,,
3.768076985,1,2.034151547,4.216648879,,
3.768076985,1,2.120597652,4.28601921,,
3.768076985,1,2.19850587,4.355389541,,
3.768076985,1,2.303094984,4.423692636,,
3.768076985,1,2.389541089,4.488794023,,
3.768076985,1,2.501600854,4.570971185,,
3.768076985,1,2.606189968,4.657417289,,
3.768076985,1,2.709711846,4.72678762,,
3.768076985,1,2.800426894,4.800426894,,
3.768076985,1,2.951974386,4.917822839,,
3.768076985,1,3.107790822,5.021344717,,
3.768076985,1,3.246531483,5.125933831,,
3.768076985,1,3.454642476,5.237993597,,
3.768076985,1,3.644610459,5.332977588,,
3.768076985,1,3.834578442,5.437566702,,
3.768076985,1,4,5.524012807,,
3.768076985,1,4.225186766,5.662753469,,
3.768076985,1,4.449306297,5.731056564,,
3.768076985,1,4.674493063,5.869797225,,
3.768076985,1,4.891141942,5.95624333,,
3.768076985,1,5.099252935,6.034151547,,
3.768076985,1,5.289220918,6.112059765,,
3.768076985,1,5.488794023,6.189967983,,
3.768076985,1,5.644610459,6.259338314,,
3.768076985,1,5.844183565,6.337246531,,
3.768076985,1,6.059765208,6.398078975,,
3.768076985,1,6.284951974,6.493062967,,
3.768076985,1,6.493062967,6.553895411,,
3.768076985,1,6.718249733,6.606189968,,
3.768076985,1,6.908217716,6.657417289,,
3.768076985,1,7.124866596,6.709711846,,
3.768076985,1,7.358591249,6.762006403,,
3.768076985,1,7.618996798,6.813233725,,
3.768076985,1,7.878335112,6.909284952,,
3.768076985,1,8.094983991,6.951974386,,
3.768076985,1,8.398078975,7.008537887,,
3.768076985,1,8.684098186,7.048025614,,
3.768076985,1,8.98185699,7.112059765,,
3.768076985,1,9.280683031,7.151547492,,
3.768076985,1,9.592315902,7.177161153,,
3.768076985,1,9.852721451,7.22945571,,
3.768076985,1,10.13767343,7.281750267,,
3.768076985,1,10.4493063,7.332977588,,
3.768076985,1,10.70971185,7.385272145,,
3.768076985,1,11.01280683,7.42796158,,
3.768076985,1,11.30736393,7.463180363,,
3.768076985,1,11.5923159,7.51547492,,
3.768076985,1,11.90394877,7.566702241,,
3.768076985,1,12.24226254,7.618996798,,
3.768076985,1,12.57950907,7.671291355,,
3.768076985,1,12.89967983,7.722518677,,
3.768076985,1,13.18996798,7.762006403,,
3.768076985,1,13.50160085,7.787620064,,
3.768076985,1,13.78762006,7.813233725,,
3.768076985,1,14.11205977,7.839914621,,
3.768076985,1,14.39807898,7.865528282,,
3.768076985,1,14.73532551,7.891141942,,
3.768076985,1,15.03842049,7.913553895,,
3.768076985,1,15.35005336,7.913553895,,
3.768076985,1,15.71398079,7.913553895,,
3.768076985,1,16.11205977,7.905016009,,
3.768076985,1,16.50160085,7.905016009,,
3.768076985,1,16.86552828,7.905016009,,
3.768076985,1,17.25506937,7.905016009,,
3.768076985,1,17.63073639,7.98185699,,
3.768076985,1,18.01600854,7.98185699,,
3.768076985,1,18.40234792,7.98185699,,
3.768076985,1,18.83137673,7.98185699,,
3.768076985,1,19.26040555,7.98185699,,
3.768076985,1,19.68943436,7.98185699,,
3.768076985,1,20.11846318,7.98185699,,
3.768076985,1,20.46211313,7.98185699,,
3.768076985,1,20.89114194,7.98185699,,
3.768076985,1,21.25506937,7.95624333,,
2.54740612,1,0,0,,
2.54740612,1,0.008537887,0.172892209,,
2.54740612,1,0.025613661,0.337246531,,
2.54740612,1,0.051227321,0.519743863,,
2.54740612,1,0.086446105,0.684098186,,
2.54740612,1,0.147278549,0.874066169,,
2.54740612,1,0.19850587,1.038420491,,
2.54740612,1,0.233724653,1.194236926,,
2.54740612,1,0.284951974,1.359658485,,
2.54740612,1,0.337246531,1.541088581,,
2.54740612,1,0.415154749,1.722518677,,
2.54740612,1,0.48452508,1.922091782,,
2.54740612,1,0.597652081,2.086446105,,
2.54740612,1,0.675560299,2.267876201,,
2.54740612,1,0.787620064,2.458911419,,
2.54740612,1,0.891141942,2.614727855,,
2.54740612,1,1.038420491,2.762006403,,
2.54740612,1,1.151547492,2.934898613,,
2.54740612,1,1.290288154,3.090715048,,
2.54740612,1,1.454642476,3.203842049,,
2.54740612,1,1.610458911,3.359658485,,
2.54740612,1,1.766275347,3.463180363,,
2.54740612,1,1.913553895,3.583778015,,
2.54740612,1,2.077908218,3.679829242,,
2.54740612,1,2.225186766,3.766275347,,
2.54740612,1,2.389541089,3.861259338,,
2.54740612,1,2.536819637,3.95624333,,
2.54740612,1,2.718249733,4.052294557,,
2.54740612,1,2.874066169,4.147278549,,
2.54740612,1,3.073639274,4.259338314,,
2.54740612,1,3.25506937,4.328708645,,
2.54740612,1,3.410885806,4.415154749,,
2.54740612,1,3.545357524,4.480256137,,
2.54740612,1,3.731056564,4.570971185,,
2.54740612,1,3.922091782,4.623265742,,
2.54740612,1,4.094983991,4.709711846,,
2.54740612,1,4.250800427,4.779082177,,
2.54740612,1,4.458911419,4.848452508,,
2.54740612,1,4.631803629,4.917822839,,
2.54740612,1,4.839914621,4.970117396,,
2.54740612,1,5.01280683,5.021344717,,
2.54740612,1,5.202774813,5.073639274,,
2.54740612,1,5.393810032,5.143009605,,
2.54740612,1,5.618996798,5.194236926,,
2.54740612,1,5.791889007,5.246531483,,
2.54740612,1,6,5.307363927,,
2.54740612,1,6.181430096,5.368196371,,
2.54740612,1,6.381003202,5.42796158,,
2.54740612,1,6.588046958,5.446104589,,
2.54740612,1,6.813233725,5.49733191,,
2.54740612,1,7.01280683,5.541088581,,
2.54740612,1,7.2113127,5.583778015,,
2.54740612,1,7.419423693,5.636072572,,
2.54740612,1,7.610458911,5.671291355,,
2.54740612,1,7.844183565,5.722518677,,
2.54740612,1,8.051227321,5.774813234,,
2.54740612,1,8.284951974,5.827107791,,
2.54740612,1,8.518676628,5.852721451,,
2.54740612,1,8.72678762,5.905016009,,
2.54740612,1,8.934898613,5.930629669,,
2.54740612,1,9.116328709,5.982924226,,
2.54740612,1,9.324439701,6.008537887,,
2.54740612,1,9.532550694,6.060832444,,
2.54740612,1,9.72678762,6.099252935,,
2.54740612,1,9.922091782,6.138740662,,
2.54740612,1,10.10352188,6.189967983,,
2.54740612,1,10.31163287,6.216648879,,
2.54740612,1,10.49306297,6.267876201,,
2.54740612,1,10.73959445,6.307363927,,
2.54740612,1,10.96051227,6.345784418,,
2.54740612,1,11.19423693,6.372465315,,
2.54740612,1,11.41515475,6.410885806,,
2.54740612,1,11.66168623,6.423692636,,
2.54740612,1,11.92209178,6.437566702,,
2.54740612,1,12.11632871,6.463180363,,
2.54740612,1,12.36286019,6.501600854,,
2.54740612,1,12.59765208,6.52828175,,
2.54740612,1,12.7620064,6.52828175,,
2.54740612,1,12.95197439,6.553895411,,
2.54740612,1,13.19423693,6.570971185,,
2.54740612,1,13.36819637,6.589114194,,
2.54740612,1,13.55816435,6.606189968,,
2.54740612,1,13.80042689,6.631803629,,
2.54740612,1,14.02561366,6.631803629,,
2.54740612,1,14.25080043,6.640341515,,
2.54740612,1,14.51013874,6.648879402,,
2.54740612,1,14.75346852,6.657417289,,
2.54740612,1,15.06510139,6.657417289,,
2.54740612,1,15.35005336,6.684098186,,
2.54740612,1,15.66168623,6.684098186,,
2.54740612,1,16,6.684098186,,
2.54740612,1,16.28495197,6.72678762,,
2.54740612,1,16.59765208,6.722518677,,
2.54740612,1,16.85699039,6.762006403,,
2.54740612,1,17.15581644,6.762006403,,
2.54740612,1,17.46744931,6.787620064,,
2.54740612,1,17.79188901,6.800426894,,
2.54740612,1,18.09071505,6.800426894,,
2.54740612,1,18.37673426,6.800426894,,
2.54740612,1,18.66168623,6.813233725,,
2.54740612,1,18.92209178,6.813233725,,
2.54740612,1,19.22091782,6.827107791,,
2.54740612,1,19.58377801,6.839914621,,
2.54740612,1,19.96478122,6.848452508,,
2.54740612,1,20.35005336,6.852721451,,
2.54740612,1,20.72678762,6.882604055,,
2.54740612,1,21.10779082,6.900747065,,
2.54740612,1,21.45464248,6.909284952,,
2.54740612,1,21.86979723,6.917822839,,
2.54740612,1,22.23372465,6.951974386,,
2.54740612,1,22.61472785,6.951974386,,
2.54740612,1,23.04695838,6.970117396,,
2.54740612,1,23.5058698,6.982924226,,
